[{"_id": "65f3dbe04b9ac1682c9d5b3a", "Channel Name": "notcoin", "Start_date": "15-03-2024", "Recent_Date": "15-03-2024", "Status": true, "Channel Description": "Not available", "Count": 210, "Number of Users": 6455293}, {"_id": "65f961fed0868f401b853b10", "Channel Name": "techbossindian", "Channel Description": "Buy Now Best Quality Product", "Start_date": "19-03-2024", "Recent_Date": "19-03-2024", "Number of Users": 1758, "Status": true, "Count": 9}, {"_id": "6600753d47af31fd3b89db21", "Channel Name": "hatez", "Channel Description": "\u0421\u0443\u043a\u0430, \u043d\u0435 \u0431\u0435\u0441\u0438", "Start_date": "25-03-2024", "Recent_Date": "01-04-2024", "Number of Users": 46, "Status": true, "Count": 132}, {"_id": "6603b5a40cf11bf7d1b190e4", "Channel Name": "Ramya_cutie_editz", "Channel Description": "https://instagram.com/ashwin_sivangi_fans?igshid=jq4e1m7uu1fr\n\nAshwin Sivangi \ud83d\ude0d\ud83e\udd17\nHd videos\nWelcome to my channel \ud83d\ude01\ud83d\ude4f\nCook with comali \ud83d\udc69\u200d\ud83c\udf73 videos...\n[Neengal ashwin sivangi fans\ud83d\ude0d aga\nIrundhal udanea namba channel la join pannunga...\u2764\ufe0f\ud83d\ude09]\n\nFast join\ud83d\udc47", "Start_date": "27-03-2024", "Recent_Date": "03-04-2024", "Number of Users": 474, "Status": true, "Count": 14}, {"_id": "6603bbdec7a4e3944cfafa53", "Channel Name": "hatred", "Channel Description": "No  Description Provided.", "Start_date": "27-03-2024", "Recent_Date": "25-04-2024", "Number of Users": 24, "Status": true, "Count": 1, "Admin_Count": null, "Banned_Count": null, "Channel_Access_Hash": -1104628025996574626, "Channel_Usename": null, "Gigagroup": false, "Kicked_Count": null, "Linked_Chat_Title": null, "Linked_Chat_Type": "Unknown Type", "Megagroup": false, "Restriction_reasons": null, "Verified": false}, {"_id": "6603f1bce80ad38b0bc3dcef", "Channel Name": "bharatintern", "Channel Description": "At Bharat Intern, we firmly believe that beginning with strength is the ultimate secret to success. Therefore, we are committed to equipping college students with the essential skills, experience, and knowledge required to kick-start their career.", "Start_date": "27-03-2024", "Recent_Date": "27-03-2024", "Number of Users": 112401, "Status": true, "Count": 15}, {"_id": "66082d188407532b988503b7", "Channel Name": "Vikram_Singh_Ranbir_Roy", "Channel Description": "Contact:- @RishBhai", "Start_date": "30-03-2024", "Recent_Date": "30-03-2024", "Number of Users": 47095, "Status": true, "Count": 1118}, {"_id": "660915a8b4f9c3b69c9eeddd", "Channel Name": "real_madrid", "Channel Description": "Real Madrid English News Telegram Channel\n\nOur group \ud83d\udc65\n\nhttps://t.me/realmadrid13_chat\n\n\ud83d\udce2 Contact info: @grpuiit\n\ud83d\udcb8 Ads: @Source_Ads, https://telega.io/c/QZaHwgqxUPHSARJr", "Start_date": "31-03-2024", "Recent_Date": "25-04-2024", "Number of Users": 86961, "Status": true, "Count": 687, "Admin_Count": null, "Banned_Count": null, "Channel_Access_Hash": -3915354764155028778, "Channel_Usename": null, "Gigagroup": false, "Kicked_Count": null, "Megagroup": false, "Restriction_reasons": null, "Verified": false}, {"_id": "660930bbccc75281ef077981", "Channel Name": "anna_university_cse", "Channel Description": "Students discussion group for Anna University CSE department \n\n\u2705 Anybody can share study material.\n\n\u274c Don't send any link for promoting.\n\nIf you need study materials\ud83d\udcda use \nBot: @annauniversityedubot", "Start_date": "31-03-2024", "Recent_Date": "01-04-2024", "Number of Users": 10373, "Status": true, "Count": 1802}, {"_id": "660a5257bbd867568faf5106", "Channel Name": "iplbh", "Channel Description": "\u0906\u091c \u0915\u094b\u0923 \u091c\u093f\u0924\u0947\u0917\u093e ? \n\u0906\u091c \u0915\u094c\u0928 \u0938\u0940 \u091f\u0940\u092e \u091c\u093f\u0925\u0947\u0917\u0940 ?\n\u0914\u0930 \u0915\u094b\u0908 \u0928\u0939\u0940 \u092c\u0924\u093e\u092f\u0947\u0917\u093e ? \n\u0938\u093f\u0930\u094d\u092b \u0939\u092e \u092c\u0924\u093e\u092f\u0947\u0902\u0917\u0947 ? \n.\n.\n.\n.\n.\n.\n.\n#IPL\u092d\u0935\u093f\u0937\u094d\u092f\u0935\u093e\u0923\u0940\ud83c\udfcf", "Start_date": "01-04-2024", "Recent_Date": "23-04-2024", "Number of Users": 29, "Status": true, "Count": 23, "Admin_Count": null, "Banned_Count": null, "Channel_Access_Hash": -369653645345644199, "Channel_Usename": "iplbh", "Gigagroup": false, "Kicked_Count": null, "Megagroup": false, "Restriction_reasons": null, "Verified": false}, {"_id": "660a7620b8409767f00ffd9a", "Channel Name": "KANYEsol", "Channel Description": "Excuse me! Did you say something?\nhttps://kanyecoin.site", "Start_date": "01-04-2024", "Recent_Date": "01-04-2024", "Number of Users": 585, "Status": true, "Count": 2}, {"_id": "660a7f0625e63df020e1e0cd", "Channel Name": "Government_Jobs_Sarkari_Naukari", "Channel Description": "India's Best Telegram Channel for Free Government Job Alert. \nGovernment Jobs Sarkari Naukri [Latest Vacancy Alert for Freshers | HR | LAW | Police Bharti | Free Job Alert | Employment News]", "Start_date": "01-04-2024", "Recent_Date": "01-04-2024", "Number of Users": 2, "Status": true, "Count": 3}, {"_id": "660d6529364c4be812e35188", "Channel Name": "x_movies_adult_videos_18_english", "Channel Description": "No  Description Provided.", "Start_date": "03-04-2024", "Recent_Date": "24-04-2024", "Number of Users": 24464, "Status": true, "Admin_Count": null, "Banned_Count": null, "Channel_Access_Hash": 3782730580797244909, "Channel_Usename": "x_movies_adult_videos_18_english", "Gigagroup": false, "Kicked_Count": null, "Megagroup": false, "Restriction_reasons": null, "Verified": false, "Count": 0}, {"_id": "6612d79098c629e9f681c639", "Channel Name": "SpamFake_56", "Channel Description": "No  Description Provided.", "Start_date": "07-04-2024", "Recent_Date": "16-04-2024", "Number of Users": 1, "Status": true, "Count": 7, "Admin_Count": 1, "Banned_Count": 0, "Channel_Access_Hash": -3447189135611277010, "Channel_Usename": "SpamFake_56", "Gigagroup": false, "Kicked_Count": 0, "Megagroup": false, "Restriction_reasons": null, "Verified": false}, {"_id": "6612e5175e1087c2e8a04be4", "Channel Name": "killingshop", "Channel Description": "\ud83c\uddee\ud83c\uddf3 KILLING SHOP \ud83d\udc51\n\n\u26d4 PFP\u2705 ig \u1d00\u1d04\u1d04\u1d0f\u1d1c\u0274\u1d1b \ud83d\udd10 giveway \u26d4\n\u1d18\u0280\u1d0f \ud83e\udd11 ott \ud83d\udd30 \u1d1b\u0280\u1d1c\ua731\u1d1b\u1d07\u1d05 \u1d05\u1d07\u1d00\u029f\u1d07\u0280 \ud83d\udcaf\n\nOWNER - @K71NG \u2705 \nCO-OWNER - @A69H1  \u2705\n\n\ud83c\udf96\u029c\u1d07\u0280\u1d07 \u028f\u1d0f\u1d1c \u1d04\u1d00\u0274 get everything\ud83d\ude43\n\n\ud83d\udcaf W\u1d07 \ua731\u1d18\u1d07\u1d04\u026a\u1d00\u029f\u026a\ua731\u1d07 \u026a\u0274 Upi giveway \ud83d\udc51", "Start_date": "07-04-2024", "Recent_Date": "07-04-2024", "Number of Users": 2105, "Status": false, "Count": 46}, {"_id": "6612ec502ae0fa48cfbd2559", "Channel Name": "CDACIntern", "Channel Description": "No  Description Provided.", "Start_date": "08-04-2024", "Recent_Date": "18-07-2024", "Number of Users": 2, "Status": true, "Admin_Count": 2, "Banned_Count": 0, "Channel_Access_Hash": -8121947252307010751, "Channel_Usename": "CDACIntern", "Gigagroup": false, "Kicked_Count": 0, "Megagroup": true, "Restriction_reasons": null, "Verified": false, "Count": 99}, {"_id": "66141d106845bcc3c44d3387", "Channel Name": "taylor", "Channel Description": "Fan channel for everything Taylor Swift.", "Start_date": "08-04-2024", "Recent_Date": "08-04-2024", "Number of Users": 1006, "Status": true, "Count": 1}, {"_id": "66142723bcb799291a2f7f2f", "Channel Name": "English_Videos_Adults_Indian_X", "Channel Description": "\u26a0\ufe0fDisclaimer\u26a0\ufe0fThis Channel Doesn't Provide Any Adult Or Illegal Content.Some Of Our Haters Reporting Channel With Multiple Fake Accounts.\n\nOur Channel Is Following Telegram All Guidelines\u2705\ufe0f\n\n\u274c\ufe0fThere Is No Telegram Violation\u274c\ufe0f", "Start_date": "08-04-2024", "Recent_Date": "08-04-2024", "Number of Users": 10791, "Status": true, "Count": 24}, {"_id": "6614c7f8cb62c5dfb9314551", "Channel Name": "NCIRAWG", "Channel Description": "National Crime Investigation & Research Analysis Wing\nThank you for contacting National Crime Investigation & Research Analysis Wing! Please let us know how we can help you.\nhttps://t.me/NCIRAWG", "Start_date": "09-04-2024", "Recent_Date": "09-04-2024", "Number of Users": 59, "Status": true, "Count": 52}, {"_id": "6620f2ab0b055a10a737ab03", "Channel Name": "Sickipedia", "Channel Description": "The sickest, rudest, most offensive, inappropriate & politically incorrect jokes \u2014 we've got them all!", "Channel_Access_Hash": 2140466380762987982, "Channel_Usename": "Sickipedia", "Start_date": "18-04-2024", "Recent_Date": "18-07-2024", "Number of Users": 13997, "Admin_Count": null, "Kicked_Count": null, "Banned_Count": null, "Linked Chat Title": null, "Linked_Chat_Type": "Unknown Type", "Megagroup": false, "Gigagroup": false, "Verified": false, "Restriction_reasons": null, "Status": true, "Count": 8838, "Channel_Username": "Sickipedia"}, {"_id": "662a1ed7e73755bddde26c2a", "Channel Name": "Python", "Channel Description": "You will be muted until you read the rules. Read them! @Rules_for_Python\n\nA group about the Python programming language.\n\nOfftopic things go here: @pythonofftopic\n\nResources to learn python: @pythonres\n\nGroup for Hy: @hylang\n\nSelenium: @SeleniumPython", "Channel_Access_Hash": 3261640483643631346, "Channel_Usename": "Python", "Start_date": "25-04-2024", "Recent_Date": "25-04-2024", "Number of Users": 129930, "Admin_Count": null, "Kicked_Count": null, "Banned_Count": null, "Linked Chat Title": "Python Resources", "Linked_Chat_Type": "Group/Channel", "Megagroup": true, "Gigagroup": false, "Verified": false, "Restriction_reasons": null, "Status": true, "Count": 3}, {"_id": "668269cce99919729c507065", "Channel Name": "warmonitors", "Channel Description": "Breaking News || Geopolitics || Buy ads: @orthodoxplant\n\n\nDiscussion: @WarMonitors_Discussion\n\n\nAppeal a ban: @WarMonitorsAppeal", "Channel_Access_Hash": -8885804969905859971, "Channel_Usename": "warmonitors", "Start_date": "01-07-2024", "Recent_Date": "18-07-2024", "Number of Users": 104264, "Admin_Count": null, "Kicked_Count": null, "Banned_Count": null, "Linked Chat Title": "WarMonitors Chat: Season 2", "Linked_Chat_Type": "Group/Channel", "Megagroup": false, "Gigagroup": false, "Verified": false, "Restriction_reasons": null, "Status": true, "Count": 32, "Channel_Username": "warmonitors"}, {"_id": "6685692f1b291b1d326b2c79", "Channel Name": "Kakinada_Bhilai_call_girls", "Channel Description": "\ud83d\udd1d\u21aa\ufe0f \ud835\udc03\ud835\udc0c \ud835\udc05\ud835\udc0e\ud835\udc11 \ud835\udc01\ud835\udc0e\ud835\udc0e\ud835\udc0a\ud835\udc08\ud835\udc0d\ud835\udc06 \u2935\ufe0f\nhttps://t.me//kanishamehta\nhttps://t.me//kanishamehta\n\ud83d\udccc100% \ud835\udde7\ud835\uddff\ud835\ude02\ud835\ude00\ud835\ude01\ud835\uddf2\ud835\uddf1 \ud835\uddd4\ud835\uddfb\ud835\uddf1 \ud835\uddda\ud835\uddf2\ud835\uddfb\ud835\ude02\ud835\uddf6\ud835\uddfb\ud835\uddf2 \ud835\udde6\ud835\uddf2\ud835\uddff\ud835\ude03\ud835\uddf6\ud835\uddf0\ud835\uddf2\n\n\u21aa\ufe0fTAMIL OR TELUGU OR MALLU TV SERIAL ACTRESSES AND HIGH PROFILE GIRLS AND MODELS AND HOUSEWIVES", "Channel_Access_Hash": -8034129857206110512, "Channel_Usename": "Kakinada_Bhilai_call_girls", "Start_date": "03-07-2024", "Recent_Date": "03-07-2024", "Number of Users": 3348, "Admin_Count": null, "Kicked_Count": null, "Banned_Count": null, "Linked Chat Title": null, "Linked_Chat_Type": "Unknown Type", "Megagroup": false, "Gigagroup": false, "Verified": false, "Restriction_reasons": null, "Status": true, "Count": 1}, {"_id": "6686266e7df1baa0484b80dc", "Channel Name": "Equity_Options_Nifty_BankNifty", "Channel Description": "No  Description Provided.", "Channel_Access_Hash": -5069672811473437174, "Channel_Usename": "Equity_Options_Nifty_BankNifty", "Start_date": "04-07-2024", "Recent_Date": "04-07-2024", "Number of Users": 435990, "Admin_Count": null, "Kicked_Count": null, "Banned_Count": null, "Linked Chat Title": null, "Linked_Chat_Type": "Unknown Type", "Megagroup": true, "Gigagroup": true, "Verified": false, "Restriction_reasons": null, "Status": true, "Count": 6003}, {"_id": "66865f8e7a71bf262881c91e", "Channel Name": "kanyesolxyz", "Channel Description": "KYS Crypto is a Solana Meme coin with no presale and No LP Team allocation", "Channel_Access_Hash": 7773907721300874614, "Channel_Usename": "kanyesolxyz", "Start_date": "04-07-2024", "Recent_Date": "04-07-2024", "Number of Users": 4, "Admin_Count": null, "Kicked_Count": null, "Banned_Count": null, "Linked Chat Title": null, "Linked_Chat_Type": "Unknown Type", "Megagroup": false, "Gigagroup": false, "Verified": false, "Restriction_reasons": null, "Status": true, "Count": 5}]