[{"_id": "6698ada4c44f2a86947ed978", "Channel Name": "CDACIntern", "Word": [{"hi": 4}, {"children": 4}, {"sexual": 2}, {"harm": 2}, {"violates": 2}]}, {"_id": "6698b115dd8492c5eb536df7", "Channel Name": "notcoin", "Word": [{"notcoin": 17}, {"new": 8}, {"fun": 8}, {"beta": 8}, {"get": 7}]}, {"_id": "6698b42bdd8492c5eb536dfb", "Channel Name": "techbossindian", "Word": [{"buy": 2}, {"12hrs": 1}, {"uv": 1}, {"speaker": 1}, {"hi": 1}]}, {"_id": "6698dac8befa0c95bb54bb2f", "Channel Name": "Sickipedia", "Word": [{"said": 2276}, {"says": 2251}, {"man": 1989}, {"\nthe": 1596}, {"one": 1418}]}]