[{"_id": "6620bcf07588e96bf1219767", "Category": "Unauthorised use of Information", "Keywords": ["unauthorized", "stolen", "illegitimate", "plagiarism", "copyright"]}, {"_id": "6620bcf07588e96bf1219768", "Category": "Offensive and inappropriate content", "Keywords": ["erotic", "porn", "explicit", "abusive", "lewd", "sexual"]}, {"_id": "6620bcf07588e96bf1219769", "Category": "Harmful to children", "Keywords": ["vulnerable", "drugs", "violence", "suicide", "crime", "gambling"]}, {"_id": "6620bcf07588e96bf121976a", "Category": "Violates intellectual property rights", "Keywords": ["violates", "breaches", "contravenes"]}]