[{"_id": "66091620b4f9c3b69c9eee4f", "Channel Name": "real_madrid", "Day": "31-03-2024", "Count": 18}, {"_id": "66093132ccc75281ef077bbd", "Channel Name": "anna_university_cse", "Day": "31-03-2024", "Count": 903}, {"_id": "660a436fa304d121cd297ba0", "Channel Name": "anna_university_cse", "Day": "01-04-2024", "Count": 503}, {"_id": "660a5300a8f6b0f8d0928fde", "Channel Name": "iplbh", "Day": "01-04-2024", "Count": 0}, {"_id": "660a550b98189913bf6f40c7", "Channel Name": "real_madrid", "Day": "01-04-2024", "Count": 5}, {"_id": "660a7626b8409767f00ffd9e", "Channel Name": "KANYEsol", "Day": "01-04-2024", "Count": 3}, {"_id": "660a7f0725e63df020e1e0d2", "Channel Name": "Government_Jobs_Sarkari_Naukari", "Day": "01-04-2024", "Count": 11}, {"_id": "660d652a364c4be812e3518a", "Channel Name": "x_movies_adult_videos_18_english", "Day": "03-04-2024", "Count": 0}, {"_id": "6612d79198c629e9f681c63c", "Channel Name": "SpamFake_56", "Day": "07-04-2024", "Count": 0}, {"_id": "6612e7475e1087c2e8a04c14", "Channel Name": "killingshop", "Day": "07-04-2024", "Count": 58}, {"_id": "6612e93788ad201dd63147ce", "Channel Name": "iplbh", "Day": "08-04-2024", "Count": 0}, {"_id": "6612eee22ae0fa48cfbd2575", "Channel Name": "CDACIntern", "Day": "08-04-2024", "Count": 0}, {"_id": "66140d7488f5108403aa960e", "Channel Name": "SpamFake_56", "Day": "08-04-2024", "Count": 0}, {"_id": "66141e4020a76ee3cac447bd", "Channel Name": "taylor", "Day": "08-04-2024", "Count": 2}, {"_id": "66142723bcb799291a2f7f49", "Channel Name": "English_Videos_Adults_Indian_X", "Day": "08-04-2024", "Count": 24}, {"_id": "6614cdf79dba609587400e76", "Channel Name": "NCIRAWG\"", "Count": 52, "Day": "09-04-2024"}, {"_id": "6614d2f4b791b26d3ed832d7", "Channel Name": "SpamFake_56", "Day": "09-04-2024", "Count": 0}, {"_id": "661e576b82768f7ab526298c", "Channel Name": "CDACIntern", "Day": "16-04-2024", "Count": 0}, {"_id": "661e5a377293547384a3d67d", "Channel Name": "iplbh", "Day": "16-04-2024", "Count": 0}, {"_id": "661eaa2b3910cabedd459f3f", "Channel Name": "x_movies_adult_videos_18_english", "Day": "16-04-2024", "Count": 0}, {"_id": "661eac189f62f3ba230a30e0", "Channel Name": "SpamFake_56", "Day": "16-04-2024", "Count": 0}, {"_id": "6620c27073f4b6b9ff3a3ad6", "Channel Name": "iplbh", "Day": "18-04-2024", "Count": 0}, {"_id": "6620f4581bd2f1e4e745f9ba", "Channel Name": "Sickipedia", "Day": "18-04-2024", "Count": 41}, {"_id": "66276204a8a0c528d02eb819", "Channel Name": "Sickipedia", "Day": "23-04-2024", "Count": 17}, {"_id": "66279a2d6e68ee504580c523", "Channel Name": "iplbh", "Day": "23-04-2024", "Count": 0}, {"_id": "66290101070ac9b3914102bd", "Channel Name": "Sickipedia", "Day": "24-04-2024", "Count": 4}, {"_id": "66290ac528022ea2b80ba6d7", "Channel Name": "CDACIntern", "Day": "24-04-2024", "Count": 0}, {"_id": "66290e019f73715b9f304f46", "Channel Name": "x_movies_adult_videos_18_english", "Day": "24-04-2024", "Count": 0}, {"_id": "662a21c56008fe1aea47598f", "Channel Name": "Sickipedia", "Day": "25-04-2024", "Count": 2}, {"_id": "662a24cc3f626a9594f36049", "Channel Name": "CDACIntern", "Day": "25-04-2024", "Count": 4}, {"_id": "662f5f69a300659c18b273e8", "Channel Name": "CDACIntern", "Day": "29-04-2024", "Count": 3}, {"_id": "662f77e152137441448b4371", "Channel Name": "Sickipedia", "Day": "29-04-2024", "Count": 16}, {"_id": "668252c360db4c4334569e55", "Channel Name": "Sickipedia", "Day": "01-07-2024", "Count": 1}, {"_id": "66825984e4624e1ae053da74", "Channel Name": "CDACIntern", "Day": "01-07-2024", "Count": 0}, {"_id": "66856491617b849389601d56", "Channel Name": "CDACIntern", "Day": "03-07-2024", "Count": 0}, {"_id": "66856a3cc04ac1074bfa4dd0", "Channel Name": "Kakinada_Bhilai_call_girls", "Day": "03-07-2024", "Count": 12}, {"_id": "66856d1eab3c4f7ed7823b49", "Channel Name": "Sickipedia", "Day": "03-07-2024", "Count": 8}, {"_id": "668636905bf448c3c23ae038", "Channel Name": "Equity_Options_Nifty_BankNifty", "Day": "04-07-2024", "Count": 3002}, {"_id": "66864ebbc6886e1fb349ccc9", "Channel Name": "CDACIntern", "Day": "04-07-2024", "Count": 0}, {"_id": "66865f977a71bf262881c925", "Channel Name": "kanyesolxyz", "Day": "04-07-2024", "Count": 7}, {"_id": "6698d5c080caebf6eb7e161d", "Channel Name": "CDACIntern", "Day": "18-07-2024", "Count": 0}, {"_id": "6698da1396cc5a44d257cf2c", "Channel Name": "Sickipedia", "Day": "18-07-2024", "Count": 40}]