[{"_id": "662f680bb3e0702bfba3b1f6", "Channel Name": "CDACIntern", "Message": "Ok nice", "Message ID": 95, "User_ID": 5559914153, "Username": "Aslam_200356", "Origin Time": "2024-04-25  12:06:11", "Action": "Yes", "Reply": "Ok nice", "Reply Message ID": 103, "Reply_User_ID": 2071240071, "Reply_Username": null, "Reply_Type": "Text", "Reply Time": "29-04-2024 11:50:59", "Message_Type": "Text"}, {"_id": "662f680bb3e0702bfba3b1f8", "Channel Name": "CDACIntern", "Message": "Ok aslam", "Message ID": 49, "User_ID": 5559914153, "Username": "Aslam_200356", "Origin Time": "2024-03-26  19:53:43", "Action": "Yes", "Reply": "Ok aslam", "Reply Message ID": 104, "Reply_User_ID": 2071240071, "Reply_Username": null, "Reply_Type": "Text", "Reply Time": "29-04-2024 11:51:20", "Message_Type": "Text"}, {"_id": "662f680cb3e0702bfba3b1fa", "Channel Name": "CDACIntern", "Message": "Ok aslam", "Message ID": 17, "User_ID": 5559914153, "Username": "Aslam_200356", "Origin Time": "2024-03-14  13:42:54", "Action": "Yes", "Reply": "Why aslam sad", "Reply Message ID": 105, "Reply_User_ID": 2071240071, "Reply_Username": null, "Reply_Type": "Text", "Reply Time": "29-04-2024 11:51:42", "Message_Type": "Text"}, {"_id": "662f680cb3e0702bfba3b1fc", "Channel Name": "CDACIntern", "Message": "Ok aslam", "Message ID": 15, "User_ID": 5559914153, "Username": "Aslam_200356", "Origin Time": "2024-03-14  13:31:37", "Action": "Yes", "Reply": "Mass uh", "Reply Message ID": 106, "Reply_User_ID": 2071240071, "Reply_Username": null, "Reply_Type": "Text", "Reply Time": "29-04-2024 11:52:21", "Message_Type": "Text"}, {"_id": "662f680eb3e0702bfba3b200", "Channel Name": "CDACIntern", "Message": "Ok aslam", "Message ID": 108, "User_ID": 5559914153, "Username": "Aslam_200356", "Origin Time": "2024-04-29  14:52:12", "Action": "Yes", "Reply": "Es important questions", "Reply Message ID": 110, "Reply_User_ID": 2071240071, "Reply_Username": null, "Reply_Type": "Text", "Reply Time": "29-04-2024 14:52:38", "Message_Type": "Text"}, {"_id": "662f680eb3e0702bfba3b203", "Channel Name": "CDACIntern", "Message": "Verified", "Message ID": 112, "User_ID": 5559914153, "Username": "Aslam_200356", "Origin Time": "2024-04-29  14:53:27", "Action": "Yes", "Reply": "Verified", "Reply Message ID": 113, "Reply_User_ID": 2071240071, "Reply_Username": null, "Reply_Type": "Text", "Reply Time": "29-04-2024 14:53:38", "Message_Type": "Text"}]