[{"_id": "662905f44cd545a70e0df10e", "Channel Name": "Sickipedia", "Words": ["shame", "rubbish", "corruption", "slapping", "fraud", "bloodshed", "scandal", "grubby", "incompetent", "murder", "goose", "stupidity", "frighten", "betrayed", "betrayal", "bloody", "corrupt", "coward", "liar", "humiliated", "yapping", "mess", "stench", "fool", "cheated", "false", "suck", "dog", "gaslighting", "sanctimonious", "mate", "prostitute", "abused", "fake", "shit", "ashamed", "penguin", "species", "ignores", "wicked", "gun", "cruel", "donkey", "racist", "bullshit", "paedophiles", "phoney", "cockroaches", "hunter", "stuffed", "lie", "foolish", "illegally", "witch", "mafia", "mamas", "traitor", "cheat", "rape", "hack", "dump", "disgrace", "gag", "theft", "criminal", "worst", "drama"], "Day": "24-04-2024", "Count": 67}, {"_id": "662f6812b3e0702bfba3b204", "Channel Name": "CDACIntern", "Words": ["false"], "Day": "29-04-2024", "Count": 1}, {"_id": "662f77eb52137441448b4373", "Channel Name": "Sickipedia", "Words": ["donkey", "gun", "cruel", "paedophiles", "phoney", "shit", "hunter", "bloodshed", "stuffed", "cheated", "mamas", "penguin", "witch", "bloody", "corrupt", "worst", "ignores", "shame", "fraud", "frighten", "abused", "gag", "lie", "false", "rape", "stench", "yapping", "scandal", "fool", "rubbish", "betrayal", "traitor", "hack", "goose", "ashamed", "mafia", "stupidity", "racist", "betrayed", "liar", "disgrace", "foolish", "grubby", "sanctimonious", "bullshit", "coward", "mess", "dog", "corruption", "drama", "suck", "criminal", "cheat", "humiliated", "mate", "fake", "wicked", "gaslighting", "prostitute", "dump", "illegally", "species", "incompetent", "slapping", "cockroaches", "theft", "murder"], "Day": "29-04-2024", "Count": 67}, {"_id": "668252c760db4c4334569e56", "Channel Name": "Sickipedia", "Words": [], "Day": "01-07-2024", "Count": 0}, {"_id": "66825984e4624e1ae053da75", "Channel Name": "CDACIntern", "Words": [], "Day": "01-07-2024", "Count": 0}, {"_id": "66856492617b849389601d57", "Channel Name": "CDACIntern", "Words": [], "Day": "03-07-2024", "Count": 0}, {"_id": "66856d22ab3c4f7ed7823b4a", "Channel Name": "Sickipedia", "Words": [], "Day": "03-07-2024", "Count": 0}, {"_id": "668636915bf448c3c23ae03a", "Channel Name": "Equity_Options_Nifty_BankNifty", "Words": [], "Day": "04-07-2024", "Count": 0}, {"_id": "66864ebbc6886e1fb349ccca", "Channel Name": "CDACIntern", "Words": [], "Day": "04-07-2024", "Count": 0}, {"_id": "66865f977a71bf262881c927", "Channel Name": "kanyesolxyz", "Words": ["fake", "fake"], "Day": "04-07-2024", "Count": 2}, {"_id": "6698dac8befa0c95bb54bb30", "Channel Name": "Sickipedia", "Words": [], "Day": "18-07-2024", "Count": 0}]