[{"_id": 5559914153, "channel_count": 2, "channels": ["SpamFake_56", "CDACIntern"], "username": null, "profile_photo_path": "Mohamed (4).jpg"}, {"_id": 387498276, "channel_count": 1, "channels": ["Vikram_Singh_Ranbir_Roy"], "username": null, "profile_photo_path": "No Photo Available"}, {"_id": 2107209563, "channel_count": 1, "channels": ["Vikram_Singh_Ranbir_Roy"], "username": null, "profile_photo_path": "No Photo Available"}, {"_id": 5293537994, "channel_count": 1, "channels": ["Vikram_Singh_Ranbir_Roy"], "username": null, "profile_photo_path": "Suchithra.jpg"}, {"_id": 6607600943, "channel_count": 1, "channels": ["Vikram_Singh_Ranbir_Roy"], "username": null, "profile_photo_path": "No Photo Available"}, {"_id": 5378790144, "channel_count": 1, "channels": ["Vikram_Singh_Ranbir_Roy"], "username": null, "profile_photo_path": "m4hx.jpg"}, {"_id": 719597869, "channel_count": 1, "channels": ["Vikram_Singh_Ranbir_Roy"], "username": "Shijulal", "profile_photo_path": "Shijulal.jpg"}, {"_id": 1143291238, "channel_count": 1, "channels": ["Vikram_Singh_Ranbir_Roy"], "username": null, "profile_photo_path": "No Photo Available"}, {"_id": 954221464, "channel_count": 1, "channels": ["Vikram_Singh_Ranbir_Roy"], "username": "syamasyam", "profile_photo_path": "No Photo Available"}, {"_id": 1483126462, "channel_count": 1, "channels": ["Vikram_Singh_Ranbir_Roy"], "username": "Shafeeqkp", "profile_photo_path": "Shafeeqkp.jpg"}]